1391252331403,4462,myTestAction,200,"Number of samples in transaction : 1, number of failing samples : 0",Thread Group 1-1,,true,12382,0
1391252335915,5957,myTestAction,200,"Number of samples in transaction : 1, number of failing samples : 0",Thread Group 1-1,,true,12334,0
1391252341876,4659,myTestAction,200,"Number of samples in transaction : 1, number of failing samples : 0",Thread Group 1-1,,true,12414,0
1391252346538,3849,myTestAction,200,"Number of samples in transaction : 1, number of failing samples : 0",Thread Group 1-1,,true,15537,0
1391252350389,4981,myTestAction,200,"Number of samples in transaction : 1, number of failing samples : 0",Thread Group 1-1,,true,12458,0
1391252355372,3532,myTestAction,200,"Number of samples in transaction : 1, number of failing samples : 0",Thread Group 1-1,,true,12414,0
1391252358913,4641,myTestAction,200,"Number of samples in transaction : 1, number of failing samples : 0",Thread Group 1-1,,true,12448,0
1391252363557,3520,myTestAction,200,"Number of samples in transaction : 1, number of failing samples : 0",Thread Group 1-1,,true,12382,0
1391252367080,4595,myTestAction,200,"Number of samples in transaction : 1, number of failing samples : 0",Thread Group 1-1,,true,12430,0
1391252371678,4240,myTestAction,200,"Number of samples in transaction : 1, number of failing samples : 0",Thread Group 1-1,,true,12318,0
1391252375925,3886,myTestAction,200,"Number of samples in transaction : 1, number of failing samples : 0",Thread Group 1-1,,true,12414,0
1391252379814,3312,myTestAction,200,"Number of samples in transaction : 1, number of failing samples : 0",Thread Group 1-1,,true,12398,0
1391252383133,4809,myTestAction,200,"Number of samples in transaction : 1, number of failing samples : 0",Thread Group 1-1,,true,12442,0
1391252387944,5759,myTestAction,200,"Number of samples in transaction : 1, number of failing samples : 0",Thread Group 1-1,,true,12400,0
1391252393710,5533,myTestAction,200,"Number of samples in transaction : 1, number of failing samples : 0",Thread Group 1-1,,true,12432,0
1391252399247,3701,myTestAction,200,"Number of samples in transaction : 1, number of failing samples : 0",Thread Group 1-1,,true,12410,0
1391252402951,4448,myTestAction,200,"Number of samples in transaction : 1, number of failing samples : 0",Thread Group 1-1,,true,12394,0
1391252407402,6101,myTestAction,200,"Number of samples in transaction : 1, number of failing samples : 0",Thread Group 1-1,,true,12398,0
1391252413506,4452,myTestAction,200,"Number of samples in transaction : 1, number of failing samples : 0",Thread Group 1-1,,true,12394,0
1391252417960,4350,myTestAction,200,"Number of samples in transaction : 1, number of failing samples : 0",Thread Group 1-1,,true,12400,0
1391252422312,3769,myTestAction,200,"Number of samples in transaction : 1, number of failing samples : 0",Thread Group 1-1,,true,12470,0
1391252426084,4825,myTestAction,200,"Number of samples in transaction : 1, number of failing samples : 0",Thread Group 1-1,,true,12366,0
1391252430913,4021,myTestAction,200,"Number of samples in transaction : 1, number of failing samples : 0",Thread Group 1-1,,true,12414,0
1391252434937,4785,myTestAction,200,"Number of samples in transaction : 1, number of failing samples : 0",Thread Group 1-1,,true,12446,0
1391252439724,5131,myTestAction,200,"Number of samples in transaction : 1, number of failing samples : 0",Thread Group 1-1,,true,12394,0
1391252444858,5348,myTestAction,200,"Number of samples in transaction : 1, number of failing samples : 0",Thread Group 1-1,,true,15503,0
1391252450209,3612,myTestAction,200,"Number of samples in transaction : 1, number of failing samples : 0",Thread Group 1-1,,true,12408,0
1391252453824,3869,myTestAction,200,"Number of samples in transaction : 1, number of failing samples : 0",Thread Group 1-1,,true,12414,0
1391252457695,3422,myTestAction,200,"Number of samples in transaction : 1, number of failing samples : 0",Thread Group 1-1,,true,12446,0
1391252461120,5906,myTestAction,200,"Number of samples in transaction : 1, number of failing samples : 0",Thread Group 1-1,,true,12458,0
1391252467034,4677,myTestAction,200,"Number of samples in transaction : 1, number of failing samples : 0",Thread Group 1-1,,true,12478,0
1391252471715,4871,myTestAction,200,"Number of samples in transaction : 1, number of failing samples : 0",Thread Group 1-1,,true,12366,0
1391252476588,4906,myTestAction,200,"Number of samples in transaction : 1, number of failing samples : 0",Thread Group 1-1,,true,12430,0
1391252481496,5562,myTestAction,200,"Number of samples in transaction : 1, number of failing samples : 0",Thread Group 1-1,,true,12410,0
1391252487061,5980,myTestAction,200,"Number of samples in transaction : 1, number of failing samples : 0",Thread Group 1-1,,true,12384,0
1391252493047,5875,myTestAction,200,"Number of samples in transaction : 1, number of failing samples : 0",Thread Group 1-1,,true,12394,0
1391252498923,3191,myTestAction,200,"Number of samples in transaction : 1, number of failing samples : 0",Thread Group 1-1,,true,12350,0
1391252502117,5279,myTestAction,200,"Number of samples in transaction : 1, number of failing samples : 0",Thread Group 1-1,,true,12430,0
1391252507398,4605,myTestAction,200,"Number of samples in transaction : 1, number of failing samples : 0",Thread Group 1-1,,true,12318,0
1391252512006,4290,myTestAction,200,"Number of samples in transaction : 1, number of failing samples : 0",Thread Group 1-1,,true,12414,0
1391252516298,5788,myTestAction,200,"Number of samples in transaction : 1, number of failing samples : 0",Thread Group 1-1,,true,12442,0
1391252522089,5793,myTestAction,200,"Number of samples in transaction : 1, number of failing samples : 0",Thread Group 1-1,,true,12446,0
1391252527884,4717,myTestAction,200,"Number of samples in transaction : 1, number of failing samples : 0",Thread Group 1-1,,true,12470,0
1391252532603,3321,myTestAction,200,"Number of samples in transaction : 1, number of failing samples : 0",Thread Group 1-1,,true,12398,0
1391252535927,5063,myTestAction,200,"Number of samples in transaction : 1, number of failing samples : 0",Thread Group 1-1,,true,12474,0
1391252540995,3435,myTestAction,200,"Number of samples in transaction : 1, number of failing samples : 0",Thread Group 1-1,,true,12428,0
1391252544433,3137,myTestAction,200,"Number of samples in transaction : 1, number of failing samples : 0",Thread Group 1-1,,true,15471,0
1391252547572,4077,myTestAction,200,"Number of samples in transaction : 1, number of failing samples : 0",Thread Group 1-1,,true,12476,0
1391252551652,3423,myTestAction,200,"Number of samples in transaction : 1, number of failing samples : 0",Thread Group 1-1,,true,12464,0
1391252555077,5011,myTestAction,200,"Number of samples in transaction : 1, number of failing samples : 0",Thread Group 1-1,,true,12408,0
1391252644748,6110,myTestAction,200,"Number of samples in transaction : 1, number of failing samples : 0",Thread Group 1-1,,true,12432,0
1391252650910,5421,myTestAction,200,"Number of samples in transaction : 1, number of failing samples : 0",Thread Group 1-1,,true,12368,0
1391252656334,4642,myTestAction,200,"Number of samples in transaction : 1, number of failing samples : 0",Thread Group 1-1,,true,12446,0
1391252660977,4125,myTestAction,200,"Number of samples in transaction : 1, number of failing samples : 0",Thread Group 1-1,,true,12414,0
1391252665105,4909,myTestAction,200,"Number of samples in transaction : 1, number of failing samples : 0",Thread Group 1-1,,true,12478,0
1391252670018,3598,myTestAction,200,"Number of samples in transaction : 1, number of failing samples : 0",Thread Group 1-1,,true,12382,0
1391252673618,5494,myTestAction,200,"Number of samples in transaction : 1, number of failing samples : 0",Thread Group 1-1,,true,12462,0
1391252679116,3928,myTestAction,200,"Number of samples in transaction : 1, number of failing samples : 0",Thread Group 1-1,,true,12414,0
1391252683046,6033,myTestAction,200,"Number of samples in transaction : 1, number of failing samples : 0",Thread Group 1-1,,true,12382,0
1391252689082,5088,myTestAction,200,"Number of samples in transaction : 1, number of failing samples : 0",Thread Group 1-1,,true,12432,0
1391252694178,5140,myTestAction,200,"Number of samples in transaction : 1, number of failing samples : 0",Thread Group 1-1,,true,12398,0
1391252699321,4550,myTestAction,200,"Number of samples in transaction : 1, number of failing samples : 0",Thread Group 1-1,,true,12382,0
1391252703883,4628,myTestAction,200,"Number of samples in transaction : 1, number of failing samples : 0",Thread Group 1-1,,true,12368,0
1391252708513,5494,myTestAction,200,"Number of samples in transaction : 1, number of failing samples : 0",Thread Group 1-1,,true,12440,0
1391252714016,3900,myTestAction,200,"Number of samples in transaction : 1, number of failing samples : 0",Thread Group 1-1,,true,12446,0
1391252717919,5493,myTestAction,200,"Number of samples in transaction : 1, number of failing samples : 0",Thread Group 1-1,,true,12398,0
1391252723415,5351,myTestAction,200,"Number of samples in transaction : 1, number of failing samples : 0",Thread Group 1-1,,true,12398,0
1391252728768,5331,myTestAction,200,"Number of samples in transaction : 1, number of failing samples : 0",Thread Group 1-1,,true,12430,0
1391252734102,3226,myTestAction,200,"Number of samples in transaction : 1, number of failing samples : 0",Thread Group 1-1,,true,12410,0
1391252737332,5284,myTestAction,200,"Number of samples in transaction : 1, number of failing samples : 0",Thread Group 1-1,,true,12414,0
1391252742618,5478,myTestAction,200,"Number of samples in transaction : 1, number of failing samples : 0",Thread Group 1-1,,true,12430,0
1391252748099,4056,myTestAction,200,"Number of samples in transaction : 1, number of failing samples : 0",Thread Group 1-1,,true,12462,0
1391252752158,5334,myTestAction,200,"Number of samples in transaction : 1, number of failing samples : 0",Thread Group 1-1,,true,12446,0
1391252757495,4464,myTestAction,200,"Number of samples in transaction : 1, number of failing samples : 0",Thread Group 1-1,,true,12408,0
1391252761964,4532,myTestAction,200,"Number of samples in transaction : 1, number of failing samples : 0",Thread Group 1-1,,true,12452,0
1391252766499,3907,myTestAction,200,"Number of samples in transaction : 1, number of failing samples : 0",Thread Group 1-1,,true,12442,0
1391252770408,5033,myTestAction,200,"Number of samples in transaction : 1, number of failing samples : 0",Thread Group 1-1,,true,12440,0
1391252775442,3407,myTestAction,200,"Number of samples in transaction : 1, number of failing samples : 0",Thread Group 1-1,,true,12462,0
1391252778851,3435,myTestAction,200,"Number of samples in transaction : 1, number of failing samples : 0",Thread Group 1-1,,true,12462,0
1391252782288,3633,myTestAction,200,"Number of samples in transaction : 1, number of failing samples : 0",Thread Group 1-1,,true,12446,0
1391252785928,4931,myTestAction,200,"Number of samples in transaction : 1, number of failing samples : 0",Thread Group 1-1,,true,12464,0
1391252790862,4736,myTestAction,200,"Number of samples in transaction : 1, number of failing samples : 0",Thread Group 1-1,,true,12526,0
1391252795600,5394,myTestAction,200,"Number of samples in transaction : 1, number of failing samples : 0",Thread Group 1-1,,true,12430,0
1391252800996,4101,myTestAction,200,"Number of samples in transaction : 1, number of failing samples : 0",Thread Group 1-1,,true,12440,0
1391252805100,5085,myTestAction,200,"Number of samples in transaction : 1, number of failing samples : 0",Thread Group 1-1,,true,12400,0
1391252810190,5009,myTestAction,200,"Number of samples in transaction : 1, number of failing samples : 0",Thread Group 1-1,,true,12460,0
1391252815201,5687,myTestAction,200,"Number of samples in transaction : 1, number of failing samples : 0",Thread Group 1-1,,true,12416,0
1391252820893,6112,myTestAction,200,"Number of samples in transaction : 1, number of failing samples : 0",Thread Group 1-1,,true,12398,0
1391252827007,5523,myTestAction,200,"Number of samples in transaction : 1, number of failing samples : 0",Thread Group 1-1,,true,12430,0
1391252832533,4395,myTestAction,200,"Number of samples in transaction : 1, number of failing samples : 0",Thread Group 1-1,,true,12446,0
1391252836930,5594,myTestAction,200,"Number of samples in transaction : 1, number of failing samples : 0",Thread Group 1-1,,true,12446,0
1391252842526,3492,myTestAction,200,"Number of samples in transaction : 1, number of failing samples : 0",Thread Group 1-1,,true,12362,0
1391252846020,3682,myTestAction,200,"Number of samples in transaction : 1, number of failing samples : 0",Thread Group 1-1,,true,12394,0
1391252849705,3241,myTestAction,200,"Number of samples in transaction : 1, number of failing samples : 0",Thread Group 1-1,,true,12366,0
1391252852948,5841,myTestAction,200,"Number of samples in transaction : 1, number of failing samples : 0",Thread Group 1-1,,true,12398,0
1391252858793,5658,myTestAction,200,"Number of samples in transaction : 1, number of failing samples : 0",Thread Group 1-1,,true,12410,0
1391252864455,4485,myTestAction,200,"Number of samples in transaction : 1, number of failing samples : 0",Thread Group 1-1,,true,12446,0
1391252868943,3669,myTestAction,200,"Number of samples in transaction : 1, number of failing samples : 0",Thread Group 1-1,,true,12394,0
1391252872614,3637,myTestAction,200,"Number of samples in transaction : 1, number of failing samples : 0",Thread Group 1-1,,true,12350,0
1391252876253,3585,myTestAction,200,"Number of samples in transaction : 1, number of failing samples : 0",Thread Group 1-1,,true,12392,0
1391252989563,6148,myTestAction,200,"Number of samples in transaction : 1, number of failing samples : 0",Thread Group 1-1,,true,12350,0
1391252995758,5582,myTestAction,200,"Number of samples in transaction : 1, number of failing samples : 0",Thread Group 1-1,,true,12446,0
1391253001345,3759,myTestAction,200,"Number of samples in transaction : 1, number of failing samples : 0",Thread Group 1-1,,true,12382,0
1391253005107,5835,myTestAction,200,"Number of samples in transaction : 1, number of failing samples : 0",Thread Group 1-1,,true,12398,0
1391253010945,4554,myTestAction,200,"Number of samples in transaction : 1, number of failing samples : 0",Thread Group 1-1,,true,12382,0
1391253015502,6017,myTestAction,200,"Number of samples in transaction : 1, number of failing samples : 0",Thread Group 1-1,,true,12462,0
1391253021521,5600,myTestAction,200,"Number of samples in transaction : 1, number of failing samples : 0",Thread Group 1-1,,true,12430,0
1391253027123,5380,myTestAction,200,"Number of samples in transaction : 1, number of failing samples : 0",Thread Group 1-1,,true,12416,0
1391253032507,3551,myTestAction,200,"Number of samples in transaction : 1, number of failing samples : 0",Thread Group 1-1,,true,12394,0
1391253036061,3566,myTestAction,200,"Number of samples in transaction : 1, number of failing samples : 0",Thread Group 1-1,,true,12430,0
1391253039633,3626,myTestAction,200,"Number of samples in transaction : 1, number of failing samples : 0",Thread Group 1-1,,true,12424,0
1391253043261,5547,myTestAction,200,"Number of samples in transaction : 1, number of failing samples : 0",Thread Group 1-1,,true,12442,0
1391253048817,5237,myTestAction,200,"Number of samples in transaction : 1, number of failing samples : 0",Thread Group 1-1,,true,12426,0
1391253054057,3159,myTestAction,200,"Number of samples in transaction : 1, number of failing samples : 0",Thread Group 1-1,,true,12350,0
1391253057224,5442,myTestAction,200,"Number of samples in transaction : 1, number of failing samples : 0",Thread Group 1-1,,true,12440,0
1391253062669,5108,myTestAction,200,"Number of samples in transaction : 1, number of failing samples : 0",Thread Group 1-1,,true,12382,0
1391253067780,6089,myTestAction,200,"Number of samples in transaction : 1, number of failing samples : 0",Thread Group 1-1,,true,12446,0
1391253073873,5440,myTestAction,200,"Number of samples in transaction : 1, number of failing samples : 0",Thread Group 1-1,,true,12432,0
1391253079315,4137,myTestAction,200,"Number of samples in transaction : 1, number of failing samples : 0",Thread Group 1-1,,true,12478,0
1391253083455,5159,myTestAction,200,"Number of samples in transaction : 1, number of failing samples : 0",Thread Group 1-1,,true,12432,0
1391253088617,3803,myTestAction,200,"Number of samples in transaction : 1, number of failing samples : 0",Thread Group 1-1,,true,12474,0
1391253092424,4904,myTestAction,200,"Number of samples in transaction : 1, number of failing samples : 0",Thread Group 1-1,,true,12432,0
1391253097330,3426,myTestAction,200,"Number of samples in transaction : 1, number of failing samples : 0",Thread Group 1-1,,true,12462,0
1391253100757,3724,myTestAction,200,"Number of samples in transaction : 1, number of failing samples : 0",Thread Group 1-1,,true,12494,0
1391253104483,4050,myTestAction,200,"Number of samples in transaction : 1, number of failing samples : 0",Thread Group 1-1,,true,12430,0
1391253108536,5428,myTestAction,200,"Number of samples in transaction : 1, number of failing samples : 0",Thread Group 1-1,,true,12414,0
1391253113968,4563,myTestAction,200,"Number of samples in transaction : 1, number of failing samples : 0",Thread Group 1-1,,true,12414,0
1391253118533,4183,myTestAction,200,"Number of samples in transaction : 1, number of failing samples : 0",Thread Group 1-1,,true,12444,0
1391253122719,4778,myTestAction,200,"Number of samples in transaction : 1, number of failing samples : 0",Thread Group 1-1,,true,12416,0
1391253127499,4044,myTestAction,200,"Number of samples in transaction : 1, number of failing samples : 0",Thread Group 1-1,,true,12478,0
1391253131549,6000,myTestAction,200,"Number of samples in transaction : 1, number of failing samples : 0",Thread Group 1-1,,true,12426,0
1391253137554,4721,myTestAction,200,"Number of samples in transaction : 1, number of failing samples : 0",Thread Group 1-1,,true,12430,0
1391253142277,5535,myTestAction,200,"Number of samples in transaction : 1, number of failing samples : 0",Thread Group 1-1,,true,12512,0
1391253147814,6067,myTestAction,200,"Number of samples in transaction : 1, number of failing samples : 0",Thread Group 1-1,,true,12430,0
1391253153885,4936,myTestAction,200,"Number of samples in transaction : 1, number of failing samples : 0",Thread Group 1-1,,true,12382,0
1391253158823,4285,myTestAction,200,"Number of samples in transaction : 1, number of failing samples : 0",Thread Group 1-1,,true,12446,0
1391253163111,5491,myTestAction,200,"Number of samples in transaction : 1, number of failing samples : 0",Thread Group 1-1,,true,12346,0
1391253168604,4508,myTestAction,200,"Number of samples in transaction : 1, number of failing samples : 0",Thread Group 1-1,,true,12474,0
1391253173114,3846,myTestAction,200,"Number of samples in transaction : 1, number of failing samples : 0",Thread Group 1-1,,true,12412,0
1391253176962,5118,myTestAction,200,"Number of samples in transaction : 1, number of failing samples : 0",Thread Group 1-1,,true,12394,0
1391253182082,5716,myTestAction,200,"Number of samples in transaction : 1, number of failing samples : 0",Thread Group 1-1,,true,12350,0
1391253187801,4614,myTestAction,200,"Number of samples in transaction : 1, number of failing samples : 0",Thread Group 1-1,,true,12400,0
1391253192418,5087,myTestAction,200,"Number of samples in transaction : 1, number of failing samples : 0",Thread Group 1-1,,true,12430,0
1391253197507,3294,myTestAction,200,"Number of samples in transaction : 1, number of failing samples : 0",Thread Group 1-1,,true,12430,0
1391253200803,5255,myTestAction,200,"Number of samples in transaction : 1, number of failing samples : 0",Thread Group 1-1,,true,12432,0
1391253206062,4015,myTestAction,200,"Number of samples in transaction : 1, number of failing samples : 0",Thread Group 1-1,,true,12430,0
1391253210080,4703,myTestAction,200,"Number of samples in transaction : 1, number of failing samples : 0",Thread Group 1-1,,true,12422,0
1391253214784,5528,myTestAction,200,"Number of samples in transaction : 1, number of failing samples : 0",Thread Group 1-1,,true,12384,0
1391253220315,4066,myTestAction,200,"Number of samples in transaction : 1, number of failing samples : 0",Thread Group 1-1,,true,12494,0
1391253224383,5088,myTestAction,200,"Number of samples in transaction : 1, number of failing samples : 0",Thread Group 1-1,,true,12448,0
1391421685381,5781,myTestAction,200,"Number of samples in transaction : 1, number of failing samples : 0",Thread Group 1-1,,true,14267,0
1391421691228,5858,myTestAction,200,"Number of samples in transaction : 1, number of failing samples : 0",Thread Group 1-1,,true,14235,0
1391421697094,3518,myTestAction,200,"Number of samples in transaction : 1, number of failing samples : 0",Thread Group 1-1,,true,14235,0
1391421700617,4356,myTestAction,200,"Number of samples in transaction : 1, number of failing samples : 0",Thread Group 1-1,,true,14299,0
1391421704976,5901,myTestAction,200,"Number of samples in transaction : 1, number of failing samples : 0",Thread Group 1-1,,true,14187,0
1391421710884,6019,myTestAction,200,"Number of samples in transaction : 1, number of failing samples : 0",Thread Group 1-1,,true,14219,0
1391421716907,5045,myTestAction,200,"Number of samples in transaction : 1, number of failing samples : 0",Thread Group 1-1,,true,14349,0
1391421721959,4689,myTestAction,200,"Number of samples in transaction : 1, number of failing samples : 0",Thread Group 1-1,,true,14315,0
1391421726657,3769,myTestAction,200,"Number of samples in transaction : 1, number of failing samples : 0",Thread Group 1-1,,true,14219,0
1391421730430,5364,myTestAction,200,"Number of samples in transaction : 1, number of failing samples : 0",Thread Group 1-1,,true,14317,0
1391421735806,5152,myTestAction,200,"Number of samples in transaction : 1, number of failing samples : 0",Thread Group 1-1,,true,14187,0
1391421740960,5349,myTestAction,200,"Number of samples in transaction : 1, number of failing samples : 0",Thread Group 1-1,,true,14189,0
1391421746314,4725,myTestAction,200,"Number of samples in transaction : 1, number of failing samples : 0",Thread Group 1-1,,true,14253,0
1391421751045,4129,myTestAction,200,"Number of samples in transaction : 1, number of failing samples : 0",Thread Group 1-1,,true,14235,0
1391421755188,4061,myTestAction,200,"Number of samples in transaction : 1, number of failing samples : 0",Thread Group 1-1,,true,14245,0
1391421759254,4425,myTestAction,200,"Number of samples in transaction : 1, number of failing samples : 0",Thread Group 1-1,,true,14295,0
1391421763681,5962,myTestAction,200,"Number of samples in transaction : 1, number of failing samples : 0",Thread Group 1-1,,true,14221,0
1391421769647,5694,myTestAction,200,"Number of samples in transaction : 1, number of failing samples : 0",Thread Group 1-1,,true,14217,0
1391421775345,4067,myTestAction,200,"Number of samples in transaction : 1, number of failing samples : 0",Thread Group 1-1,,true,14235,0
1391421779414,5616,myTestAction,200,"Number of samples in transaction : 1, number of failing samples : 0",Thread Group 1-1,,true,14231,0
1391421785036,4081,myTestAction,200,"Number of samples in transaction : 1, number of failing samples : 0",Thread Group 1-1,,true,14283,0
1391421789121,4509,myTestAction,200,"Number of samples in transaction : 1, number of failing samples : 0",Thread Group 1-1,,true,14251,0
1391421793635,3224,myTestAction,200,"Number of samples in transaction : 1, number of failing samples : 0",Thread Group 1-1,,true,14219,0
1391421796862,3992,myTestAction,200,"Number of samples in transaction : 1, number of failing samples : 0",Thread Group 1-1,,true,14267,0
1391421800855,4759,myTestAction,200,"Number of samples in transaction : 1, number of failing samples : 0",Thread Group 1-1,,true,14221,0
1391421805618,4006,myTestAction,200,"Number of samples in transaction : 1, number of failing samples : 0",Thread Group 1-1,,true,14187,0
1391421809630,4475,myTestAction,200,"Number of samples in transaction : 1, number of failing samples : 0",Thread Group 1-1,,true,14251,0
1391421814111,4718,myTestAction,200,"Number of samples in transaction : 1, number of failing samples : 0",Thread Group 1-1,,true,14229,0
1391421818832,5439,myTestAction,200,"Number of samples in transaction : 1, number of failing samples : 0",Thread Group 1-1,,true,14245,0
1391421824275,4274,myTestAction,200,"Number of samples in transaction : 1, number of failing samples : 0",Thread Group 1-1,,true,14221,0
1391421828558,3277,myTestAction,200,"Number of samples in transaction : 1, number of failing samples : 0",Thread Group 1-1,,true,14203,0
1391421831841,5980,myTestAction,200,"Number of samples in transaction : 1, number of failing samples : 0",Thread Group 1-1,,true,14283,0
1391421837824,6067,myTestAction,200,"Number of samples in transaction : 1, number of failing samples : 0",Thread Group 1-1,,true,14219,0
1391421843898,4513,myTestAction,200,"Number of samples in transaction : 1, number of failing samples : 0",Thread Group 1-1,,true,14251,0
1391421848415,5652,myTestAction,200,"Number of samples in transaction : 1, number of failing samples : 0",Thread Group 1-1,,true,14237,0
1391421854072,3760,myTestAction,200,"Number of samples in transaction : 1, number of failing samples : 0",Thread Group 1-1,,true,14267,0
1391421857836,3483,myTestAction,200,"Number of samples in transaction : 1, number of failing samples : 0",Thread Group 1-1,,true,14299,0
1391421861322,3383,myTestAction,200,"Number of samples in transaction : 1, number of failing samples : 0",Thread Group 1-1,,true,14203,0
1391421864709,3567,myTestAction,200,"Number of samples in transaction : 1, number of failing samples : 0",Thread Group 1-1,,true,14219,0
1391421868280,4132,myTestAction,200,"Number of samples in transaction : 1, number of failing samples : 0",Thread Group 1-1,,true,14267,0
1391421872419,6061,myTestAction,200,"Number of samples in transaction : 1, number of failing samples : 0",Thread Group 1-1,,true,14203,0
1391421878483,4185,myTestAction,200,"Number of samples in transaction : 1, number of failing samples : 0",Thread Group 1-1,,true,14269,0
1391421882673,5182,myTestAction,200,"Number of samples in transaction : 1, number of failing samples : 0",Thread Group 1-1,,true,14269,0
1391421887858,4343,myTestAction,200,"Number of samples in transaction : 1, number of failing samples : 0",Thread Group 1-1,,true,14231,0
1391421892205,3716,myTestAction,200,"Number of samples in transaction : 1, number of failing samples : 0",Thread Group 1-1,,true,14219,0
1391421895928,5025,myTestAction,200,"Number of samples in transaction : 1, number of failing samples : 0",Thread Group 1-1,,true,14219,0
1391421900958,3852,myTestAction,200,"Number of samples in transaction : 1, number of failing samples : 0",Thread Group 1-1,,true,14267,0
1391421904820,5604,myTestAction,200,"Number of samples in transaction : 1, number of failing samples : 0",Thread Group 1-1,,true,14235,0
1391421910429,3432,myTestAction,200,"Number of samples in transaction : 1, number of failing samples : 0",Thread Group 1-1,,true,12671,0
1391421913865,4605,myTestAction,200,"Number of samples in transaction : 1, number of failing samples : 0",Thread Group 1-1,,true,14187,0
